{
  "autosam": {
    "tag": "autosam",
    "num_samples": 253,
    "mean_iou": 0.6444065604526653,
    "mean_iou_a": 0.6621220749961827,
    "mean_iou_b": 0.6266910459091477,
    "mean_dice": 0.7560364227912435,
    "mean_ari": 0.40007639721895927
  }
}